Question,Question Type,Answer Option 1,Explanation 1,Answer Option 2,Explanation 2,Answer Option 3,Explanation 3,Answer Option 4,Explanation 4,Correct Answers,Overall Explanation,Domain
4. Analyze the impact of OpenAI Codex on GitHub Copilot's capabilities.,Analysis,It limits the languages supported,The text does not suggest any limitation on language support.,It enhances code generation capabilities,The text states that OpenAI Codex is more capable in code generation due to its training on a large dataset.,It reduces the need for human oversight,The text does not mention a reduction in human oversight.,It focuses solely on syntax correction,The text describes broader capabilities beyond syntax correction.,Option B,OpenAI Codex enhances GitHub Copilot's capabilities by improving its code generation through extensive training.,Technology
1. [What is the first step to start using GitHub Copilot?,Recall/Knowledge,Install the GitHub Copilot extension,This is not the first step; installation comes after signing up.,Sign up for a free trial or subscription,This is the correct first step as mentioned in the text.,Configure GitHub Copilot in VS Code,Configuration is done after installation.,Troubleshoot GitHub Copilot,Troubleshooting is done if issues arise after setup.,Option B,The text specifies that signing up for a free trial or subscription is necessary before using GitHub Copilot.,Technology
4. [What should you do if errors are not logged in the regular locations for GitHub Copilot?,Analysis,Reinstall the GitHub Copilot extension,Reinstallation is not suggested for unlogged errors.,View the Electron logs,The text suggests viewing Electron logs if errors are not in regular locations.,Contact GitHub support immediately,Contacting support is not the first step mentioned.,Disable and re-enable GitHub Copilot,This is not mentioned as a solution for unlogged errors.,Option B,The text advises viewing Electron logs through Developer Tools if errors are not logged in the usual places.,Technology
How does GitHub Copilot assist in pull request reviews?,Comprehension,By providing AI-generated summaries of changes,This is correct as the text mentions that Copilot generates summaries of changes in pull requests.,By automatically merging pull requests,This is incorrect as Copilot does not merge pull requests.,By sending notifications to reviewers,This is incorrect as notifications are not mentioned as a feature of Copilot.,By creating new pull requests,This is incorrect as creating new pull requests is not a feature of Copilot.,Option A,This question assesses the understanding of how GitHub Copilot aids in the pull request review process by generating summaries.,Technology
Evaluate the importance of policy management for GitHub Copilot in an enterprise setting.,Evaluation,It ensures controlled access and usage of Copilot,This is correct as policy management helps manage access and usage within an organization.,It allows for the development of new features,This is incorrect as policy management does not involve feature development.,It provides a platform for user feedback,This is incorrect as policy management is not about collecting user feedback.,It automates the billing process,This is incorrect as billing is not related to policy management.,Option A,This question evaluates the significance of policy management in maintaining controlled access and usage of GitHub Copilot in enterprises.,Technology
2. [Which principle is NOT one of the six identified by Microsoft for Responsible AI?,Recall/Knowledge,Fairness.,Fairness is indeed one of the principles.,Innovation.,This is the correct answer as Innovation is not listed among Microsoft's Responsible AI principles.,Inclusiveness.,Inclusiveness is one of the principles.,Accountability.,Accountability is also one of the principles.,Option B,This question checks the recall of specific principles outlined by Microsoft for Responsible AI.,Technology
1. What is the first step in the GitHub Copilot user prompt process flow?,Recall/Knowledge,Secure prompt transmission and context gathering,This is the initial step where the user's prompt is securely transmitted to GitHub Copilot's servers.,Proxy filter,This step occurs after context gathering and involves filtering traffic.,Toxicity filtering,This step is part of the content filtering mechanisms to ensure no harmful content is generated.,Code generation with LLM,This step involves generating code suggestions based on the prompt.,Option A,The first step involves securely transmitting the user's prompt and gathering context to understand the coding task. This ensures that the prompt is processed securely and accurately.,Technology
2. [How does GitHub Copilot improve interaction through implicit prompts?,Application,By requiring detailed prompts for every task,This is incorrect as implicit prompts reduce the need for detailed prompts.,By using slash commands like /fix,This is correct as the text explains using slash commands like /fix to get better responses.,By automatically correcting all errors without input,This is incorrect as user input is still necessary for Copilot to function.,By providing a list of all possible solutions,This is incorrect as Copilot provides specific suggestions rather than a list of all possibilities.,Option B,The question assesses the application of implicit prompts and slash commands to enhance user interaction with Copilot.,Technology
Which of the following is a limitation of GitHub Copilot Chat?,Analysis,It may not handle complex code structures well,GitHub Copilot Chat has a limited scope and may struggle with complex code.,It can generate code for all programming languages equally,This is incorrect as the quality of suggestions varies by language.,It automatically fixes all bugs in the code,GitHub Copilot Chat can suggest fixes but does not automatically fix all bugs.,It provides accurate responses to noncoding questions,Copilot Chat is not designed for noncoding questions and may provide inaccurate responses.,Option A,GitHub Copilot Chat's limitations include handling complex code structures and providing accurate noncoding responses.,Technology
What distinguishes GitHub Copilot Enterprise from GitHub Copilot Business?,Application,Enterprise includes an extra layer of customization,GitHub Copilot Enterprise offers more customization options for organizations.,Business includes GitHub Copilot integrated into GitHub.com,This feature is specific to the Enterprise version.,Enterprise is free for all users,GitHub Copilot Enterprise is not free for all users.,Business offers a chat interface for codebase discussions,The chat interface for codebase discussions is part of the Enterprise offering.,Option A,GitHub Copilot Enterprise provides additional customization and integration features compared to the Business version.,Technology
4. [How does GitHub Copilot Chat assist in generating unit test cases?,Analysis,It generates test cases based on the user's personal coding style.,This is incorrect as it does not specifically mention the code context.,It manually identifies edge cases and boundary conditions for testing.,This is incorrect as GitHub Copilot does not manually identify test cases.,It generates code snippets based on the code in the editor or the code selected in the editor.,This is correct as it describes how GitHub Copilot uses existing code to generate test cases.,It provides a library of pre-written test cases for common functions.,This is incorrect as it does not provide a library of test cases.,Option C,GitHub Copilot Chat aids in test case generation by leveraging the existing code context to create relevant snippets.,Technology
3. [What is the purpose of reviewing and correcting the output generated by GitHub Copilot Chat?,Evaluation,To ensure that the AI is learning correctly.,This option is incorrect as the primary purpose is not AI learning.,To ensure the accuracy and completeness of the generated explanations and documentation.,This is the correct answer as reviewing ensures the output is accurate and complete.,To provide feedback to the AI for future improvements.,This option is partially correct but not the primary purpose.,To test the AI's capabilities.,This option is incorrect as testing is not the main goal.,Option B,Reviewing and correcting outputs is crucial for maintaining the quality and reliability of the explanations and documentation provided by the AI.,Technology
1. [What are the primary functions of the GitHub Copilot extension in Visual Studio Code?,Recall/Knowledge,It generates code completion suggestions based on code entered in the editor,This is correct as the text states that the GitHub Copilot extension generates code completion suggestions using the code you enter in the editor.,It provides syntax error checking,The text does not mention syntax error checking as a function of the GitHub Copilot extension.,It offers project management tools,The text does not mention project management tools as a function of the GitHub Copilot extension.,It integrates with cloud services for deployment,The text does not mention integration with cloud services for deployment as a function of the GitHub Copilot extension.,Option A,The question tests the understanding of the specific functions of the GitHub Copilot extension as described in the text.,Technology
3. [In what way can GitHub Copilot Chat assist with unfamiliar resources?,Application,By providing direct access to resource documentation,The text does not mention direct access to documentation as a feature of GitHub Copilot Chat.,By generating suggestions that demonstrate how to implement the resources,This is correct as the text states that GitHub Copilot Chat generates suggestions that demonstrate how to achieve goals with unfamiliar resources.,By offering video tutorials on the resources,The text does not mention video tutorials as a feature of GitHub Copilot Chat.,By connecting users with experts in the field,The text does not mention connecting users with experts as a feature of GitHub Copilot Chat.,Option B,The question applies the information from the text to understand how GitHub Copilot Chat can assist with unfamiliar resources.,Technology
4. [Analyze the role of chat participants and slash commands in GitHub Copilot Chat.,Analysis,They are used to personalize the user interface,The text does not mention personalization of the user interface as a role of chat participants and slash commands.,They help clarify the context and intent of prompts,This is correct as the text states that chat participants and slash commands help clarify the context and intent of prompts.,They are used to manage user permissions,The text does not mention managing user permissions as a role of chat participants and slash commands.,They provide shortcuts for frequently used commands,The text does not mention providing shortcuts for frequently used commands as a role of chat participants and slash commands.,Option B,The question requires analysis of the text to understand the specific roles of chat participants and slash commands in GitHub Copilot Chat.,Technology
1. What is the primary role of GitHub Copilot as described in the text?,Recall/Knowledge,A tool for debugging code,GitHub Copilot is not primarily a debugging tool; it is an AI pair programmer.,An AI pair programmer,The text describes GitHub Copilot as an AI pair programmer that helps developers write code faster and with fewer errors.,A code deployment tool,The text does not mention GitHub Copilot as a tool for code deployment.,A project management tool,The text does not describe GitHub Copilot as a project management tool.,Option B,GitHub Copilot is primarily an AI pair programmer that assists in writing code efficiently.,Technology
1. What is a recommended practice to improve the performance of GitHub Copilot Chat?,Application,Limiting the prompt to coding questions or tasks to enhance the model's output quality.,This option is correct because focusing on specific coding tasks helps the model generate more relevant and accurate suggestions.,Using Copilot Chat as a replacement for human programming.,This is incorrect as Copilot Chat is designed to assist,not replace,human programmers.,Ignoring secure coding and code review practices.,This is incorrect because secure coding and code review are essential practices that should not be ignored.,Option A,Limiting prompts to specific tasks helps improve the quality of suggestions by providing clear context for the model.,Technology
2. What is the best way to provide context to GitHub Copilot for better code suggestions?,Comprehension,By keeping all files closed in the editor.,This is incorrect as having files open provides context.,By using complex function names.,This is incorrect because complex names can confuse the model.,By providing meaningful function names,specific function comments,and having related files open in the editor.,This is correct as it gives Copilot the necessary context to generate relevant suggestions.,Option C,Providing clear context through meaningful names and comments helps Copilot understand the code better.,Technology
1. What is one of the key features of GitHub Copilot as mentioned in the text?,Recall/Knowledge,Assisting with code improvements,This is directly mentioned as a key feature of GitHub Copilot.,Providing cloud storage solutions,The text does not mention cloud storage as a feature of GitHub Copilot.,Offering project management tools,The text does not discuss project management tools in relation to GitHub Copilot.,Facilitating team communication,The text does not mention team communication as a feature of GitHub Copilot.,Option A,The question tests basic recall of the text's content regarding GitHub Copilot's features.,Technology
2. How does GitHub Copilot Chat assist in improving code reliability?,Comprehension,By suggesting better error handling and input validation,The text states that GitHub Copilot can suggest improvements like better error handling and input validation to enhance code reliability.,By automatically fixing all bugs,The text does not claim that GitHub Copilot automatically fixes bugs.,By rewriting the entire codebase,The text does not suggest that GitHub Copilot rewrites the entire codebase.,By providing real-time debugging tools,The text does not mention real-time debugging tools as a feature of GitHub Copilot.,Option A,This question assesses understanding of how GitHub Copilot Chat can improve code reliability through specific suggestions.,Technology
3. In what way does GitHub Copilot Chat help with code performance improvements?,Application,By optimizing algorithms and reducing memory usage,The text mentions that GitHub Copilot can suggest optimizations for algorithms and memory usage to improve performance.,By increasing the number of lines of code,Increasing code lines is not a method for improving performance as per the text.,By adding more comments to the code,Adding comments does not directly improve code performance.,By changing the programming language,The text does not suggest changing the programming language as a method for performance improvement.,Option A,This question requires applying the information from the text to understand how GitHub Copilot Chat aids in performance improvements.,Technology
4. Analyze the role of effective prompts in using GitHub Copilot Chat for code improvements.,Analysis,Effective prompts help GitHub Copilot understand user goals and provide relevant suggestions,The text explains that clear and specific prompts are crucial for GitHub Copilot to generate useful suggestions.,Effective prompts eliminate the need for coding skills,The text states that coding skills are still necessary despite using effective prompts.,Effective prompts automatically implement code changes,The text does not claim that prompts can automatically implement changes.,Effective prompts replace the need for code reviews,The text does not suggest that prompts replace code reviews.,Option A,This question involves analyzing the importance of crafting effective prompts for utilizing GitHub Copilot Chat effectively.,Technology
5. Evaluate the importance of preparing the development environment as described in the text.,Evaluation,It is unnecessary as GitHub Copilot Chat works independently of the environment,This is incorrect as the text outlines specific environment preparations.,It ensures that the tools and resources needed for the exercise are available,This is correct as the text details the necessary setup for the exercise.,It is only important for advanced users,This is incorrect as the text implies it is necessary for all users.,It is optional and can be skipped,This is incorrect as the text provides detailed steps for preparation.,Option B,Preparing the environment ensures that all necessary tools and resources are available for effectively using GitHub Copilot Chat.,Technology
3. How can developers use GitHub Copilot Chat to improve the security of a banking application?,Application,By implementing password-based authentication,The text provides an example of using GitHub Copilot Chat to suggest password-based authentication for a banking application.,By encrypting all data at rest,The text suggests encryption but does not specify that GitHub Copilot Chat directly implements it.,By using two-factor authentication,The text mentions two-factor authentication as a more secure method but does not detail its implementation via GitHub Copilot Chat.,By conducting penetration testing,The text mentions security testing but not specifically penetration testing via GitHub Copilot Chat.,Option A,The text provides an example where GitHub Copilot Chat suggests implementing password-based authentication in a banking application.,Technology
4. Analyze why it is important to catch specific exceptions rather than general ones in secure coding practices.,Analysis,It allows for more precise error handling,The text suggests catching specific exceptions to handle different types of errors appropriately.,It reduces the amount of code needed,The text does not mention code reduction as a reason for catching specific exceptions.,It improves the performance of the application,The text does not link specific exception handling to performance improvements.,It simplifies the debugging process,The text implies that specific exceptions help in debugging by making it clear what type of error occurred.,Options A and D,Catching specific exceptions allows for precise error handling and simplifies debugging by making it clear what type of error occurred.,Technology
1. [What is the first step in setting up GitHub Copilot for an organization?,Recall/Knowledge,Subscribe your organization to GitHub Copilot,This is the initial step to ensure the organization has access to Copilot features.,Set policies,This is a subsequent step after subscribing.,Grant access to members,This step follows setting up policies.,Share onboarding material,This is done after granting access to members.,Option A,The first step involves subscribing to GitHub Copilot to enable its features for the organization.,Technology
1. What are some of the tasks that GitHub Copilot is best suited for?,Recall/Knowledge,Writing tests and repetitive code,Copilot excels at generating repetitive code and writing tests,Debugging and correcting syntax,Copilot is designed to help with debugging and syntax correction,Generating regular expressions,Copilot can generate regular expressions efficiently,All of the above,All these tasks are mentioned as strengths of Copilot,Option D,The question tests the user's recall of specific tasks that Copilot is designed to handle effectively,Technology
2. How can you guide GitHub Copilot towards more helpful outputs?,Comprehension,Provide Copilot with helpful context,Providing context helps Copilot generate more relevant responses,Rewrite your prompts to generate different responses,Rewriting prompts can lead to better suggestions,Pick the best available suggestion,Choosing the best suggestion ensures optimal use of Copilot,All of the above,All these methods are recommended to guide Copilot,Option D,This question assesses understanding of strategies to optimize Copilot's outputs,Technology
3. In what scenario is Copilot Chat more beneficial than code completions?,Application,When generating large sections of code,Copilot Chat is suited for generating and iterating on large code sections,When completing code snippets,Code completions are better for snippets,When generating repetitive code,Code completions are better for repetitive code,When generating code from inline comments,Code completions are better for inline comments,Option A,The question requires applying knowledge of when to use Copilot Chat versus code completions,Technology
5. What is a key aspect of creating thoughtful prompts for GitHub Copilot?,Evaluation,Break down complex tasks,Simplifying tasks helps Copilot understand and respond better,Be vague about requirements,Vague prompts lead to less useful responses,Avoid providing examples,Examples help Copilot generate accurate responses,Ignore good coding practices,Good practices ensure high-quality code suggestions,Option A,The question evaluates the importance of structuring prompts effectively for Copilot,Technology
